driver_index,lap,lap_time,c_flag,time_start,time_end,position_start,position_end
0,1,59.7209,3,0.0,59.7209,9.0,9.0
0,2,53.4791,2,59.7209,113.2,9.0,9.0
0,3,53.34949999999999,3,113.2,166.5495,9.0,8.0
0,4,54.495599999999996,3,166.5495,221.0451,8.0,6.0
0,5,53.1422,0,221.0451,274.1873,6.0,6.0
0,6,53.320899999999995,0,274.1873,327.5082,6.0,6.0
0,7,53.4239,2,327.5082,380.9321,6.0,6.0
0,8,53.59730000000002,3,380.9321,434.5294,6.0,6.0
0,9,54.12349999999998,3,434.5294,488.6529,6.0,6.0
0,10,53.641800000000046,3,488.6529,542.2947,6.0,5.0
0,11,53.099899999999934,2,542.2947,595.3946,5.0,5.0
0,12,53.44270000000006,3,595.3946,648.8373,5.0,5.0
0,13,54.57589999999993,3,648.8373,703.4132,5.0,6.0
0,14,54.06290000000001,3,703.4132,757.4761,6.0,6.0
0,15,63.31600000000003,2,757.4761,820.7921,6.0,11.0
0,16,59.800899999999956,2,820.7921,880.593,11.0,14.0
0,17,53.90020000000004,0,880.593,934.4932,14.0,13.0
0,18,53.77030000000002,0,934.4932,988.2635,13.0,12.0
0,19,53.224300000000085,2,988.2635,1041.4878,12.0,11.0
0,20,59.79040000000009,2,1041.4878,1101.2782000000002,11.0,13.0
0,21,53.66709999999989,2,1101.2782000000002,1154.9453,13.0,11.0
0,22,53.61519999999996,0,1154.9453,1208.5605,11.0,10.0
0,23,53.52850000000012,0,1208.5605,1262.0890000000002,10.0,9.0
0,24,53.210399999999936,0,1262.0890000000002,1315.2994,9.0,9.0
0,25,53.08269999999993,0,1315.2994,1368.3821,9.0,9.0
0,26,53.02110000000016,2,1368.3821,1421.4032000000002,9.0,9.0
0,27,60.6896999999999,0,1421.4032000000002,1482.0929,9.0,10.0
0,28,53.202,2,1482.0929,1535.2949,10.0,10.0
0,29,53.366199999999935,2,1535.2949,1588.6611,10.0,10.0
0,30,53.94579999999996,2,1588.6611,1642.6069,10.0,9.0
0,31,53.25670000000014,0,1642.6069,1695.8636000000001,9.0,9.0
0,32,53.412399999999934,0,1695.8636000000001,1749.276,9.0,9.0
0,33,63.384000000000015,0,1749.276,1812.66,9.0,12.0
0,34,57.14869999999996,0,1812.66,1869.8087,12.0,12.0
0,35,52.955000000000155,0,1869.8087,1922.7637000000002,12.0,12.0
0,36,53.084899999999834,0,1922.7637000000002,1975.8486,12.0,12.0
0,37,52.7029,2,1975.8486,2028.5515,12.0,12.0
0,38,52.82109999999966,2,2028.5515,2081.3725999999997,12.0,12.0
0,39,53.57460000000037,3,2081.3725999999997,2134.9472,12.0,11.0
0,40,53.912799999999606,3,2134.9472,2188.8599999999997,11.0,10.0
0,41,54.12180000000035,3,2188.8599999999997,2242.9818,10.0,10.0
0,42,53.71630000000005,0,2242.9818,2296.6981,10.0,10.0
0,43,53.042999999999665,0,2296.6981,2349.7410999999997,10.0,10.0
0,44,52.97330000000011,2,2349.7410999999997,2402.7144,10.0,10.0
0,45,53.298699999999826,0,2402.7144,2456.0130999999997,10.0,10.0
0,46,53.26110000000017,0,2456.0130999999997,2509.2742,10.0,10.0
0,47,53.52599999999984,0,2509.2742,2562.8001999999997,10.0,10.0
0,48,52.907100000000355,0,2562.8001999999997,2615.7073,10.0,10.0
0,49,53.710399999999936,0,2615.7073,2669.4177,10.0,10.0
0,50,54.51929999999993,0,2669.4177,2723.937,10.0,10.0
0,51,53.28139999999985,0,2723.937,2777.2183999999997,10.0,10.0
1,1,57.280699999999996,2,0.0,57.280699999999996,3.0,3.0
1,2,52.5895,3,57.280699999999996,109.8702,3.0,3.0
1,3,53.62949999999999,0,109.8702,163.4997,3.0,1.0
1,4,53.057799999999986,0,163.4997,216.55749999999998,1.0,1.0
1,5,52.949899999999985,0,216.55749999999998,269.50739999999996,1.0,1.0
1,6,53.099800000000016,0,269.50739999999996,322.6072,1.0,1.0
1,7,53.05400000000003,0,322.6072,375.6612,1.0,1.0
1,8,52.905100000000004,0,375.6612,428.5663,1.0,1.0
1,9,53.23499999999996,0,428.5663,481.80129999999997,1.0,1.0
1,10,53.36450000000002,0,481.80129999999997,535.1658,1.0,1.0
1,11,53.20920000000001,0,535.1658,588.375,1.0,1.0
1,12,53.21079999999995,0,588.375,641.5858,1.0,1.0
1,13,53.21810000000005,3,641.5858,694.8039,1.0,1.0
1,14,55.03919999999994,0,694.8039,749.8430999999999,1.0,1.0
1,15,53.515300000000025,0,749.8430999999999,803.3584,1.0,1.0
1,16,53.67039999999997,0,803.3584,857.0287999999999,1.0,1.0
1,17,62.36890000000005,0,857.0287999999999,919.3977,1.0,2.0
1,18,57.252200000000016,0,919.3977,976.6499,2.0,3.0
1,19,52.91960000000006,0,976.6499,1029.5695,3.0,3.0
1,20,53.337099999999964,3,1029.5695,1082.9066,3.0,2.0
1,21,53.89690000000019,2,1082.9066,1136.8035000000002,2.0,2.0
1,22,52.77039999999988,2,1136.8035000000002,1189.5739,2.0,2.0
1,23,52.98739999999998,2,1189.5739,1242.5613,2.0,2.0
1,24,52.97050000000013,2,1242.5613,1295.5318000000002,2.0,2.0
1,25,52.995099999999866,2,1295.5318000000002,1348.5269,2.0,2.0
1,26,52.74680000000012,3,1348.5269,1401.2737000000002,2.0,2.0
1,27,60.5637999999999,0,1401.2737000000002,1461.8375,2.0,3.0
1,28,53.45119999999997,2,1461.8375,1515.2887,3.0,3.0
1,29,52.97360000000003,2,1515.2887,1568.2623,3.0,3.0
1,30,53.55670000000009,2,1568.2623,1621.8190000000002,3.0,3.0
1,31,54.43039999999996,0,1621.8190000000002,1676.2494000000002,3.0,3.0
1,32,53.69119999999998,0,1676.2494000000002,1729.9406000000001,3.0,2.0
1,33,53.041299999999865,0,1729.9406000000001,1782.9819,2.0,2.0
1,34,53.48590000000013,2,1782.9819,1836.4678000000001,2.0,2.0
1,35,61.77559999999994,0,1836.4678000000001,1898.2434,2.0,5.0
1,36,56.7976000000001,0,1898.2434,1955.0410000000002,5.0,3.0
1,37,52.746799999999894,0,1955.0410000000002,2007.7878,3.0,3.0
1,38,52.730099999999766,0,2007.7878,2060.5179,3.0,3.0
1,39,52.67230000000018,3,2060.5179,2113.1902,3.0,3.0
1,40,54.67650000000003,0,2113.1902,2167.8667,3.0,3.0
1,41,53.23540000000003,0,2167.8667,2221.1021,3.0,3.0
1,42,52.77039999999988,0,2221.1021,2273.8725,3.0,3.0
1,43,53.161499999999705,2,2273.8725,2327.0339999999997,3.0,3.0
1,44,52.95950000000039,0,2327.0339999999997,2379.9935,3.0,3.0
1,45,53.12639999999965,0,2379.9935,2433.1198999999997,3.0,3.0
1,46,52.94430000000011,0,2433.1198999999997,2486.0642,3.0,3.0
1,47,53.4076,0,2486.0642,2539.4718,3.0,3.0
1,48,53.059400000000096,0,2539.4718,2592.5312,3.0,3.0
1,49,53.48120000000017,1,2592.5312,2646.0124,3.0,3.0
1,50,53.391799999999876,2,2646.0124,2699.4042,3.0,3.0
1,51,54.196699999999964,0,2699.4042,2753.6009,3.0,3.0
2,1,59.435900000000004,3,0.0,59.435900000000004,8.0,8.0
2,2,53.2745,3,59.435900000000004,112.7104,8.0,8.0
2,3,54.48879999999998,3,112.7104,167.1992,8.0,9.0
2,4,54.731300000000005,3,167.1992,221.9305,9.0,9.0
2,5,53.55099999999999,3,221.9305,275.4815,9.0,9.0
2,6,53.54000000000002,3,275.4815,329.0215,9.0,9.0
2,7,53.571699999999964,2,329.0215,382.59319999999997,9.0,9.0
2,8,53.31220000000002,2,382.59319999999997,435.9054,9.0,9.0
2,9,53.82740000000001,2,435.9054,489.7328,9.0,9.0
2,10,53.82299999999998,2,489.7328,543.5558,9.0,8.0
2,11,53.17529999999999,3,543.5558,596.7311,8.0,8.0
2,12,54.48660000000007,2,596.7311,651.2177,8.0,8.0
2,13,53.147699999999986,2,651.2177,704.3654,8.0,8.0
2,14,53.47039999999993,2,704.3654,757.8358,8.0,8.0
2,15,53.86180000000002,3,757.8358,811.6976,8.0,3.0
2,16,54.15390000000002,0,811.6976,865.8515,3.0,2.0
2,17,53.26710000000003,0,865.8515,919.1186,2.0,1.0
2,18,53.15210000000002,2,919.1186,972.2707,1.0,1.0
2,19,53.84789999999998,2,972.2707,1026.1186,1.0,1.0
2,20,62.55930000000012,2,1026.1186,1088.6779000000001,1.0,5.0
2,21,57.01999999999998,2,1088.6779000000001,1145.6979000000001,5.0,7.0
2,22,53.12069999999994,0,1145.6979000000001,1198.8186,7.0,6.0
2,23,52.92640000000006,2,1198.8186,1251.7450000000001,6.0,6.0
2,24,52.81490000000008,3,1251.7450000000001,1304.5599000000002,6.0,6.0
2,25,54.580799999999954,0,1304.5599000000002,1359.1407000000002,6.0,5.0
2,26,53.049999999999955,0,1359.1407000000002,1412.1907,5.0,5.0
2,27,52.528099999999995,0,1412.1907,1464.7188,5.0,5.0
2,28,52.96309999999994,0,1464.7188,1517.6819,5.0,5.0
2,29,54.10470000000009,0,1517.6819,1571.7866000000001,5.0,5.0
2,30,52.97440000000006,3,1571.7866000000001,1624.7610000000002,5.0,5.0
2,31,55.43469999999979,2,1624.7610000000002,1680.1957,5.0,5.0
2,32,53.388600000000224,3,1680.1957,1733.5843000000002,5.0,5.0
2,33,53.653699999999844,0,1733.5843000000002,1787.238,5.0,5.0
2,34,53.261400000000094,2,1787.238,1840.4994000000002,5.0,4.0
2,35,53.491399999999885,0,1840.4994000000002,1893.9908,4.0,3.0
2,36,62.465000000000146,2,1893.9908,1956.4558000000002,3.0,4.0
2,37,57.3442,1,1956.4558000000002,2013.8000000000002,4.0,5.0
2,38,53.02129999999988,0,2013.8000000000002,2066.8213,5.0,5.0
2,39,52.70979999999963,0,2066.8213,2119.5310999999997,5.0,5.0
2,40,53.002300000000105,2,2119.5310999999997,2172.5334,5.0,5.0
2,41,53.170300000000225,0,2172.5334,2225.7037,5.0,5.0
2,42,53.10809999999992,0,2225.7037,2278.8118,5.0,5.0
2,43,53.167599999999766,0,2278.8118,2331.9793999999997,5.0,5.0
2,44,52.71489999999994,3,2331.9793999999997,2384.6942999999997,5.0,5.0
2,45,53.70550000000003,0,2384.6942999999997,2438.3997999999997,5.0,5.0
2,46,52.989500000000135,2,2438.3997999999997,2491.3893,5.0,5.0
2,47,53.48959999999988,0,2491.3893,2544.8788999999997,5.0,5.0
2,48,53.576300000000174,0,2544.8788999999997,2598.4552,5.0,5.0
2,49,53.833500000000186,0,2598.4552,2652.2887,5.0,5.0
2,50,53.460399999999936,0,2652.2887,2705.7491,5.0,5.0
2,51,53.92699999999968,0,2705.7491,2759.6760999999997,5.0,5.0
3,1,56.640100000000004,2,0.0,56.640100000000004,2.0,2.0
3,2,52.8862,3,56.640100000000004,109.5263,2.0,2.0
3,3,55.47159999999998,3,109.5263,164.9979,2.0,2.0
3,4,53.614299999999986,3,164.9979,218.61219999999997,2.0,3.0
3,5,53.08570000000003,3,218.61219999999997,271.6979,3.0,3.0
3,6,53.204399999999964,3,271.6979,324.90229999999997,3.0,3.0
3,7,53.1191,3,324.90229999999997,378.02139999999997,3.0,3.0
3,8,53.694500000000005,3,378.02139999999997,431.7159,3.0,3.0
3,9,53.698199999999986,2,431.7159,485.41409999999996,3.0,3.0
3,10,52.6395,2,485.41409999999996,538.0536,3.0,3.0
3,11,53.02520000000004,2,538.0536,591.0788,3.0,3.0
3,12,53.299499999999966,2,591.0788,644.3783,3.0,3.0
3,13,52.882400000000075,2,644.3783,697.2607,3.0,3.0
3,14,53.7041999999999,2,697.2607,750.9649,3.0,3.0
3,15,62.63760000000002,2,750.9649,813.6025,3.0,6.0
3,16,56.6481,2,813.6025,870.2506,6.0,6.0
3,17,53.462800000000016,2,870.2506,923.7134,6.0,5.0
3,18,53.85429999999997,2,923.7134,977.5677,5.0,4.0
3,19,52.4770000000002,2,977.5677,1030.0447000000001,4.0,4.0
3,20,53.16179999999986,3,1030.0447000000001,1083.2065,4.0,3.0
3,21,53.0771000000002,0,1083.2065,1136.2836000000002,3.0,1.0
3,22,52.413499999999885,0,1136.2836000000002,1188.6971,1.0,1.0
3,23,52.74240000000009,0,1188.6971,1241.4395000000002,1.0,1.0
3,24,52.807799999999816,0,1241.4395000000002,1294.2473,1.0,1.0
3,25,53.39830000000006,0,1294.2473,1347.6456,1.0,1.0
3,26,52.64850000000001,2,1347.6456,1400.2941,1.0,1.0
3,27,53.25440000000003,3,1400.2941,1453.5485,1.0,1.0
3,28,53.325399999999945,0,1453.5485,1506.8739,1.0,1.0
3,29,53.19270000000006,0,1506.8739,1560.0666,1.0,1.0
3,30,53.240800000000036,0,1560.0666,1613.3074000000001,1.0,1.0
3,31,58.24000000000001,2,1613.3074000000001,1671.5474000000002,1.0,2.0
3,32,61.52350000000001,0,1671.5474000000002,1733.0709000000002,2.0,4.0
3,33,53.10140000000001,2,1733.0709000000002,1786.1723000000002,4.0,4.0
3,34,52.81690000000003,0,1786.1723000000002,1838.9892000000002,4.0,3.0
3,35,53.03959999999984,0,1838.9892000000002,1892.0288,3.0,2.0
3,36,52.71469999999999,0,1892.0288,1944.7435,2.0,1.0
3,37,52.92370000000005,0,1944.7435,1997.6672,1.0,1.0
3,38,53.471199999999726,0,1997.6672,2051.1384,1.0,1.0
3,39,52.727600000000166,0,2051.1384,2103.866,1.0,1.0
3,40,53.3119999999999,0,2103.866,2157.178,1.0,1.0
3,41,53.033600000000206,0,2157.178,2210.2116,1.0,1.0
3,42,53.65139999999974,0,2210.2116,2263.863,1.0,1.0
3,43,52.74760000000015,2,2263.863,2316.6106,1.0,1.0
3,44,52.81719999999996,2,2316.6106,2369.4278,1.0,1.0
3,45,53.23500000000013,2,2369.4278,2422.6628,1.0,1.0
3,46,53.52109999999993,2,2422.6628,2476.1839,1.0,1.0
3,47,53.340999999999894,3,2476.1839,2529.5249,1.0,1.0
3,48,55.00909999999976,3,2529.5249,2584.5339999999997,1.0,1.0
3,49,53.86150000000043,3,2584.5339999999997,2638.3955,1.0,1.0
3,50,54.46239999999989,2,2638.3955,2692.8579,1.0,1.0
3,51,53.477800000000116,0,2692.8579,2746.3357,1.0,1.0
4,1,58.592,2,0.0,58.592,6.0,6.0
4,2,53.1833,3,58.592,111.7753,6.0,6.0
4,3,53.931999999999974,3,111.7753,165.70729999999998,6.0,5.0
4,4,54.7021,0,165.70729999999998,220.40939999999998,5.0,4.0
4,5,52.61480000000003,1,220.40939999999998,273.0242,4.0,4.0
4,6,53.13169999999997,0,273.0242,326.1559,4.0,4.0
4,7,53.158500000000004,3,326.1559,379.3144,4.0,4.0
4,8,54.58269999999999,1,379.3144,433.89709999999997,4.0,4.0
4,9,53.86530000000005,3,433.89709999999997,487.7624,4.0,4.0
4,10,54.1456,0,487.7624,541.908,4.0,4.0
4,11,52.97929999999997,0,541.908,594.8873,4.0,4.0
4,12,53.436199999999985,1,594.8873,648.3235,4.0,4.0
4,13,54.239599999999996,0,648.3235,702.5631,4.0,4.0
4,14,53.489400000000046,0,702.5631,756.0525,4.0,4.0
4,15,62.954200000000014,2,756.0525,819.0067,4.0,10.0
4,16,57.248899999999935,3,819.0067,876.2556,10.0,11.0
4,17,53.78340000000003,0,876.2556,930.039,11.0,9.0
4,18,52.811199999999985,0,930.039,982.8502,9.0,8.0
4,19,53.288400000000024,3,982.8502,1036.1386,8.0,8.0
4,20,54.28970000000004,3,1036.1386,1090.4283,8.0,7.0
4,21,53.545900000000074,3,1090.4283,1143.9742,7.0,4.0
4,22,53.29510000000005,0,1143.9742,1197.2693000000002,4.0,4.0
4,23,52.78240000000005,2,1197.2693000000002,1250.0517000000002,4.0,4.0
4,24,54.17079999999987,3,1250.0517000000002,1304.2225,4.0,5.0
4,25,55.12519999999995,3,1304.2225,1359.3477,5.0,6.0
4,26,53.025300000000016,3,1359.3477,1412.373,6.0,6.0
4,27,53.2663,0,1412.373,1465.6393,6.0,6.0
4,28,53.25700000000006,2,1465.6393,1518.8963,6.0,6.0
4,29,53.49319999999989,2,1518.8963,1572.3895,6.0,6.0
4,30,59.69170000000008,1,1572.3895,1632.0812,6.0,7.0
4,31,62.42319999999995,0,1632.0812,1694.5044,7.0,7.0
4,32,53.08380000000011,0,1694.5044,1747.5882000000001,7.0,7.0
4,33,52.96049999999991,0,1747.5882000000001,1800.5487,7.0,7.0
4,34,53.17900000000009,0,1800.5487,1853.7277000000001,7.0,7.0
4,35,52.94450000000006,2,1853.7277000000001,1906.6722000000002,7.0,7.0
4,36,53.08279999999991,2,1906.6722000000002,1959.755,7.0,6.0
4,37,54.30819999999994,3,1959.755,2014.0632,6.0,6.0
4,38,53.648499999999785,2,2014.0632,2067.7117,6.0,6.0
4,39,53.0639000000001,2,2067.7117,2120.7756,6.0,6.0
4,40,53.43759999999975,0,2120.7756,2174.2131999999997,6.0,6.0
4,41,53.52380000000039,0,2174.2131999999997,2227.737,6.0,6.0
4,42,52.86629999999968,2,2227.737,2280.6032999999998,6.0,6.0
4,43,53.64210000000003,0,2280.6032999999998,2334.2454,6.0,6.0
4,44,53.39409999999998,0,2334.2454,2387.6394999999998,6.0,6.0
4,45,53.171400000000176,0,2387.6394999999998,2440.8109,6.0,6.0
4,46,53.38850000000002,0,2440.8109,2494.1994,6.0,6.0
4,47,52.9683,1,2494.1994,2547.1677,6.0,6.0
4,48,54.472299999999905,3,2547.1677,2601.64,6.0,6.0
4,49,55.21169999999984,3,2601.64,2656.8516999999997,6.0,6.0
4,50,54.22350000000006,3,2656.8516999999997,2711.0751999999998,6.0,6.0
4,51,54.979499999999916,0,2711.0751999999998,2766.0546999999997,6.0,7.0
5,1,58.03790000000001,3,0.0,58.03790000000001,5.0,5.0
5,2,53.32369999999999,3,58.03790000000001,111.3616,5.0,5.0
5,3,54.042799999999986,3,111.3616,165.40439999999998,5.0,4.0
5,4,56.44720000000001,3,165.40439999999998,221.8516,4.0,8.0
5,5,53.311200000000014,3,221.8516,275.1628,8.0,8.0
5,6,53.553,3,275.1628,328.7158,8.0,8.0
5,7,53.311199999999985,2,328.7158,382.027,8.0,8.0
5,8,53.34699999999998,3,382.027,435.37399999999997,8.0,8.0
5,9,53.423400000000015,3,435.37399999999997,488.7974,8.0,7.0
5,10,53.72139999999996,3,488.7974,542.5187999999999,7.0,6.0
5,11,53.16840000000002,3,542.5187999999999,595.6872,6.0,6.0
5,12,53.324100000000044,3,595.6872,649.0113,6.0,6.0
5,13,54.021499999999946,2,649.0113,703.0328,6.0,5.0
5,14,53.59109999999998,2,703.0328,756.6238999999999,5.0,5.0
5,15,54.01800000000003,1,756.6238999999999,810.6419,5.0,2.0
5,16,63.39949999999999,2,810.6419,874.0414,2.0,9.0
5,17,57.47980000000007,3,874.0414,931.5212,9.0,11.0
5,18,53.912399999999934,0,931.5212,985.4336,11.0,9.0
5,19,52.763700000000085,0,985.4336,1038.1973,9.0,9.0
5,20,53.01040000000012,2,1038.1973,1091.2077000000002,9.0,8.0
5,21,53.491599999999835,2,1091.2077000000002,1144.6993,8.0,5.0
5,22,53.00960000000009,2,1144.6993,1197.7089,5.0,5.0
5,23,52.64339999999993,2,1197.7089,1250.3523,5.0,5.0
5,24,53.03340000000003,0,1250.3523,1303.3857,5.0,4.0
5,25,52.98649999999998,0,1303.3857,1356.3722,4.0,4.0
5,26,53.38890000000015,0,1356.3722,1409.7611000000002,4.0,4.0
5,27,53.31420000000003,0,1409.7611000000002,1463.0753000000002,4.0,4.0
5,28,53.1094999999998,2,1463.0753000000002,1516.1848,4.0,4.0
5,29,53.53590000000008,2,1516.1848,1569.7207,4.0,4.0
5,30,52.79410000000007,3,1569.7207,1622.5148000000002,4.0,4.0
5,31,56.58659999999986,0,1622.5148000000002,1679.1014,4.0,4.0
5,32,52.83330000000001,0,1679.1014,1731.9347,4.0,3.0
5,33,52.94730000000004,0,1731.9347,1784.882,3.0,3.0
5,34,62.15879999999993,2,1784.882,1847.0408,3.0,6.0
5,35,57.464300000000094,2,1847.0408,1904.5051,6.0,6.0
5,36,52.88740000000007,0,1904.5051,1957.3925000000002,6.0,5.0
5,37,52.405899999999974,0,1957.3925000000002,2009.7984000000001,5.0,4.0
5,38,52.94889999999987,0,2009.7984000000001,2062.7473,4.0,4.0
5,39,52.83999999999969,3,2062.7473,2115.5872999999997,4.0,4.0
5,40,54.33710000000019,0,2115.5872999999997,2169.9244,4.0,4.0
5,41,52.501000000000204,0,2169.9244,2222.4254,4.0,4.0
5,42,52.4396999999999,2,2222.4254,2274.8651,4.0,4.0
5,43,53.07159999999976,2,2274.8651,2327.9366999999997,4.0,4.0
5,44,53.83480000000009,2,2327.9366999999997,2381.7715,4.0,4.0
5,45,52.55169999999998,0,2381.7715,2434.3232,4.0,4.0
5,46,52.7492000000002,2,2434.3232,2487.0724,4.0,4.0
5,47,53.27070000000003,2,2487.0724,2540.3431,4.0,4.0
5,48,53.06489999999985,2,2540.3431,2593.408,4.0,4.0
5,49,52.978799999999865,3,2593.408,2646.3867999999998,4.0,4.0
5,50,53.27109999999993,3,2646.3867999999998,2699.6578999999997,4.0,4.0
5,51,54.445300000000316,0,2699.6578999999997,2754.1032,4.0,4.0
6,1,57.7633,3,0.0,57.7633,4.0,4.0
6,2,53.240300000000005,3,57.7633,111.0036,4.0,4.0
6,3,54.16779999999997,3,111.0036,165.17139999999998,4.0,3.0
6,4,53.32310000000001,1,165.17139999999998,218.4945,3.0,2.0
6,5,52.90009999999998,1,218.4945,271.39459999999997,2.0,2.0
6,6,53.247600000000034,0,271.39459999999997,324.6422,2.0,2.0
6,7,53.31079999999997,1,324.6422,377.953,2.0,2.0
6,8,53.55830000000003,1,377.953,431.5113,2.0,2.0
6,9,53.47769999999997,0,431.5113,484.989,2.0,2.0
6,10,52.781199999999956,0,484.989,537.7701999999999,2.0,2.0
6,11,52.920900000000074,0,537.7701999999999,590.6911,2.0,2.0
6,12,53.14289999999994,0,590.6911,643.834,2.0,2.0
6,13,53.180000000000064,2,643.834,697.014,2.0,2.0
6,14,53.47829999999999,2,697.014,750.4923,2.0,2.0
6,15,62.2894,2,750.4923,812.7817,2.0,5.0
6,16,57.68179999999995,3,812.7817,870.4635,5.0,7.0
6,17,54.039800000000014,3,870.4635,924.5033,7.0,7.0
6,18,54.45349999999996,0,924.5033,978.9567999999999,7.0,6.0
6,19,53.01690000000008,0,978.9567999999999,1031.9737,6.0,5.0
6,20,52.83699999999999,2,1031.9737,1084.8107,5.0,4.0
6,21,53.38409999999999,0,1084.8107,1138.1948,4.0,3.0
6,22,52.7976000000001,0,1138.1948,1190.9924,3.0,3.0
6,23,53.16759999999999,0,1190.9924,1244.16,3.0,3.0
6,24,53.065200000000004,0,1244.16,1297.2252,3.0,3.0
6,25,53.047399999999925,0,1297.2252,1350.2726,3.0,3.0
6,26,53.05520000000001,0,1350.2726,1403.3278,3.0,3.0
6,27,53.35750000000007,3,1403.3278,1456.6853,3.0,2.0
6,28,53.2358999999999,3,1456.6853,1509.9212,2.0,2.0
6,29,53.42100000000005,0,1509.9212,1563.3422,2.0,2.0
6,30,52.9543000000001,0,1563.3422,1616.2965000000002,2.0,2.0
6,31,53.24479999999994,0,1616.2965000000002,1669.5413,2.0,1.0
6,32,53.58459999999991,0,1669.5413,1723.1259,1.0,1.0
6,33,53.52300000000014,0,1723.1259,1776.6489000000001,1.0,1.0
6,34,53.74440000000004,0,1776.6489000000001,1830.3933000000002,1.0,1.0
6,35,58.56449999999995,0,1830.3933000000002,1888.9578000000001,1.0,1.0
6,36,61.33889999999997,2,1888.9578000000001,1950.2967,1.0,2.0
6,37,52.79970000000003,2,1950.2967,2003.0964000000001,2.0,2.0
6,38,53.74789999999962,2,2003.0964000000001,2056.8442999999997,2.0,2.0
6,39,52.71640000000025,1,2056.8442999999997,2109.5607,2.0,2.0
6,40,53.44920000000002,0,2109.5607,2163.0099,2.0,2.0
6,41,52.65899999999965,0,2163.0099,2215.6688999999997,2.0,2.0
6,42,52.67020000000002,0,2215.6688999999997,2268.3390999999997,2.0,2.0
6,43,52.73310000000038,0,2268.3390999999997,2321.0722,2.0,2.0
6,44,52.72460000000001,0,2321.0722,2373.7968,2.0,2.0
6,45,52.93289999999979,0,2373.7968,2426.7297,2.0,2.0
6,46,53.65560000000005,0,2426.7297,2480.3853,2.0,2.0
6,47,53.08089999999993,0,2480.3853,2533.4662,2.0,2.0
6,48,53.01540000000023,2,2533.4662,2586.4816,2.0,2.0
6,49,53.628799999999956,2,2586.4816,2640.1104,2.0,2.0
6,50,53.14729999999963,2,2640.1104,2693.2576999999997,2.0,2.0
6,51,54.0313000000001,0,2693.2576999999997,2747.2889999999998,2.0,2.0
7,1,60.072500000000005,3,0.0,60.072500000000005,10.0,10.0
7,2,53.7034,2,60.072500000000005,113.77590000000001,10.0,10.0
7,3,53.90559999999999,3,113.77590000000001,167.6815,10.0,10.0
7,4,54.35979999999998,3,167.6815,222.04129999999998,10.0,10.0
7,5,55.02170000000001,0,222.04129999999998,277.063,10.0,10.0
7,6,53.997799999999984,0,277.063,331.0608,10.0,10.0
7,7,53.4187,0,331.0608,384.4795,10.0,10.0
7,8,53.30630000000002,0,384.4795,437.7858,10.0,10.0
7,9,53.82839999999999,0,437.7858,491.6142,10.0,10.0
7,10,53.903099999999995,0,491.6142,545.5173,10.0,9.0
7,11,53.242399999999975,0,545.5173,598.7597,9.0,9.0
7,12,54.10570000000007,0,598.7597,652.8654,9.0,9.0
7,13,53.63839999999993,0,652.8654,706.5038,9.0,9.0
7,14,54.31330000000003,0,706.5038,760.8171,9.0,9.0
7,15,53.979400000000055,3,760.8171,814.7965,9.0,7.0
7,16,54.483499999999935,0,814.7965,869.28,7.0,4.0
7,17,54.127700000000004,3,869.28,923.4077,4.0,4.0
7,18,55.433400000000006,2,923.4077,978.8411,4.0,5.0
7,19,55.21410000000003,0,978.8411,1034.0552,5.0,6.0
7,20,64.0313000000001,2,1034.0552,1098.0865000000001,6.0,10.0
7,21,57.89110000000005,2,1098.0865000000001,1155.9776000000002,10.0,12.0
7,22,60.038099999999986,3,1155.9776000000002,1216.0157000000002,12.0,14.0
7,23,54.97779999999989,2,1216.0157000000002,1270.9935,14.0,12.0
7,24,53.39560000000006,2,1270.9935,1324.3891,12.0,12.0
7,25,53.519199999999955,2,1324.3891,1377.9083,12.0,12.0
7,26,53.9371000000001,2,1377.9083,1431.8454000000002,12.0,12.0
7,27,52.987699999999904,3,1431.8454000000002,1484.8331,12.0,12.0
7,28,54.006399999999985,2,1484.8331,1538.8395,12.0,12.0
7,29,53.18560000000002,0,1538.8395,1592.0251,12.0,12.0
7,30,53.79240000000004,0,1592.0251,1645.8175,12.0,12.0
7,31,54.00559999999996,0,1645.8175,1699.8231,12.0,11.0
7,32,53.32159999999999,0,1699.8231,1753.1447,11.0,11.0
7,33,53.93489999999997,0,1753.1447,1807.0796,11.0,10.0
7,34,53.78830000000016,0,1807.0796,1860.8679000000002,10.0,10.0
7,35,53.62189999999987,0,1860.8679000000002,1914.4898,10.0,9.0
7,36,54.42240000000015,0,1914.4898,1968.9122000000002,9.0,9.0
7,37,54.129199999999855,0,1968.9122000000002,2023.0414,9.0,9.0
7,38,54.405399999999645,1,2023.0414,2077.4467999999997,9.0,9.0
7,39,54.53240000000005,0,2077.4467999999997,2131.9791999999998,9.0,9.0
7,40,63.7800000000002,3,2131.9791999999998,2195.7592,9.0,12.0
7,41,57.47240000000011,0,2195.7592,2253.2316,12.0,12.0
7,42,53.33789999999999,0,2253.2316,2306.5695,12.0,11.0
7,43,53.86689999999999,0,2306.5695,2360.4364,11.0,11.0
7,44,52.84400000000005,0,2360.4364,2413.2804,11.0,11.0
7,45,53.53959999999961,2,2413.2804,2466.8199999999997,11.0,11.0
7,46,53.700900000000274,2,2466.8199999999997,2520.5209,11.0,11.0
7,47,53.3784999999998,0,2520.5209,2573.8994,11.0,11.0
7,48,53.339500000000044,0,2573.8994,2627.2389,11.0,11.0
7,49,54.184799999999996,0,2627.2389,2681.4237,11.0,11.0
7,50,54.03850000000011,0,2681.4237,2735.4622,11.0,11.0
7,51,54.135699999999815,0,2735.4622,2789.5978999999998,11.0,11.0
8,1,56.0571,0,0.0,56.0571,1.0,1.0
8,2,52.7734,3,56.0571,108.8305,1.0,1.0
8,3,57.03019999999998,3,108.8305,165.86069999999998,1.0,6.0
8,4,54.8245,3,165.86069999999998,220.68519999999998,6.0,5.0
8,5,52.73519999999999,3,220.68519999999998,273.4204,5.0,5.0
8,6,53.20330000000001,2,273.4204,326.6237,5.0,5.0
8,7,53.09620000000001,3,326.6237,379.7199,5.0,5.0
8,8,54.269799999999975,3,379.7199,433.98969999999997,5.0,5.0
8,9,54.09129999999999,3,433.98969999999997,488.08099999999996,5.0,5.0
8,10,62.26159999999999,2,488.08099999999996,550.3426,5.0,12.0
8,11,52.934799999999996,2,550.3426,603.2774,12.0,12.0
8,12,53.465200000000095,2,603.2774,656.7426,12.0,12.0
8,13,53.52089999999998,2,656.7426,710.2635,12.0,12.0
8,14,57.02359999999999,2,710.2635,767.2871,12.0,13.0
8,15,54.43020000000001,3,767.2871,821.7173,13.0,13.0
8,16,58.79959999999994,2,821.7173,880.5169,13.0,13.0
8,17,65.9692,3,880.5169,946.4861,13.0,18.0
8,18,53.95950000000005,3,946.4861,1000.4456,18.0,17.0
8,19,52.80640000000017,2,1000.4456,1053.2520000000002,17.0,15.0
8,20,53.57479999999987,0,1053.2520000000002,1106.8268,15.0,15.0
8,21,52.32580000000007,2,1106.8268,1159.1526000000001,15.0,13.0
8,22,55.81119999999987,3,1159.1526000000001,1214.9638,13.0,13.0
8,23,54.549200000000155,0,1214.9638,1269.5130000000001,13.0,10.0
8,24,53.16059999999993,2,1269.5130000000001,1322.6736,10.0,10.0
8,25,52.70420000000013,0,1322.6736,1375.3778000000002,10.0,10.0
8,26,52.5136,0,1375.3778000000002,1427.8914000000002,10.0,10.0
8,27,53.03419999999983,0,1427.8914000000002,1480.9256,10.0,9.0
8,28,53.38689999999997,0,1480.9256,1534.3125,9.0,9.0
8,29,53.03840000000014,0,1534.3125,1587.3509000000001,9.0,9.0
8,30,53.00980000000004,3,1587.3509000000001,1640.3607000000002,9.0,8.0
8,31,54.483999999999924,3,1640.3607000000002,1694.8447,8.0,8.0
8,32,53.36069999999995,2,1694.8447,1748.2054,8.0,8.0
8,33,53.04899999999998,2,1748.2054,1801.2544,8.0,8.0
8,34,53.0458000000001,2,1801.2544,1854.3002000000001,8.0,8.0
8,35,61.63619999999992,3,1854.3002000000001,1915.9364,8.0,10.0
8,36,57.576500000000124,0,1915.9364,1973.5129000000002,10.0,10.0
8,37,52.40509999999995,0,1973.5129000000002,2025.9180000000001,10.0,10.0
8,38,52.36469999999963,3,2025.9180000000001,2078.2826999999997,10.0,10.0
8,39,59.003400000000056,2,2078.2826999999997,2137.2861,10.0,12.0
8,40,52.20060000000012,3,2137.2861,2189.4867,12.0,11.0
8,41,53.22159999999985,0,2189.4867,2242.7083,11.0,9.0
8,42,52.27489999999989,0,2242.7083,2294.9831999999997,9.0,9.0
8,43,52.5317,0,2294.9831999999997,2347.5148999999997,9.0,9.0
8,44,53.79870000000028,2,2347.5148999999997,2401.3136,9.0,9.0
8,45,52.822999999999865,0,2401.3136,2454.1366,9.0,9.0
8,46,52.52340000000004,0,2454.1366,2506.66,9.0,9.0
8,47,52.94200000000001,0,2506.66,2559.602,9.0,9.0
8,48,52.357800000000225,0,2559.602,2611.9598,9.0,9.0
8,49,53.30669999999964,2,2611.9598,2665.2664999999997,9.0,9.0
8,50,56.681800000000294,2,2665.2664999999997,2721.9483,9.0,9.0
8,51,53.79689999999982,0,2721.9483,2775.7452,9.0,9.0
9,1,59.088300000000004,2,0.0,59.088300000000004,7.0,7.0
9,2,53.30969999999999,3,59.088300000000004,112.398,7.0,7.0
9,3,53.85389999999998,3,112.398,166.25189999999998,7.0,7.0
9,4,55.167,3,166.25189999999998,221.41889999999998,7.0,7.0
9,5,53.65950000000001,3,221.41889999999998,275.0784,7.0,7.0
9,6,53.25490000000002,2,275.0784,328.3333,7.0,7.0
9,7,53.11929999999995,2,328.3333,381.45259999999996,7.0,7.0
9,8,53.79930000000002,3,381.45259999999996,435.2519,7.0,7.0
9,9,53.90950000000004,3,435.2519,489.1614,7.0,8.0
9,10,53.72989999999999,3,489.1614,542.8913,8.0,7.0
9,11,53.42139999999995,3,542.8913,596.3127,7.0,7.0
9,12,54.05790000000002,2,596.3127,650.3706,7.0,7.0
9,13,53.4135,3,650.3706,703.7841,7.0,7.0
9,14,53.80759999999998,3,703.7841,757.5917,7.0,7.0
9,15,54.71870000000001,2,757.5917,812.3104,7.0,4.0
9,16,54.51859999999999,2,812.3104,866.829,4.0,3.0
9,17,53.06810000000007,2,866.829,919.8971,3.0,3.0
9,18,54.079399999999964,0,919.8971,973.9765,3.0,2.0
9,19,54.19450000000006,2,973.9765,1028.171,2.0,2.0
9,20,53.19510000000014,3,1028.171,1081.3661000000002,2.0,1.0
9,21,63.341199999999844,0,1081.3661000000002,1144.7073,1.0,6.0
9,22,57.33210000000008,0,1144.7073,1202.0394000000001,6.0,7.0
9,23,52.652000000000044,0,1202.0394000000001,1254.6914000000002,7.0,7.0
9,24,52.812799999999925,0,1254.6914000000002,1307.5042,7.0,7.0
9,25,53.33719999999994,0,1307.5042,1360.8414,7.0,7.0
9,26,52.81310000000008,2,1360.8414,1413.6545,7.0,7.0
9,27,53.20229999999992,2,1413.6545,1466.8568,7.0,7.0
9,28,52.733900000000176,2,1466.8568,1519.5907000000002,7.0,7.0
9,29,53.67809999999986,2,1519.5907000000002,1573.2688,7.0,7.0
9,30,54.200199999999995,2,1573.2688,1627.469,7.0,6.0
9,31,53.909599999999955,2,1627.469,1681.3786,6.0,6.0
9,32,52.79460000000017,3,1681.3786,1734.1732000000002,6.0,6.0
9,33,53.37119999999982,3,1734.1732000000002,1787.5444,6.0,6.0
9,34,53.345800000000054,3,1787.5444,1840.8902,6.0,5.0
9,35,53.45309999999995,3,1840.8902,1894.3433,5.0,4.0
9,36,66.76660000000015,0,1894.3433,1961.1099000000002,4.0,7.0
9,37,56.237699999999904,2,1961.1099000000002,2017.3476,7.0,7.0
9,38,53.44389999999976,0,2017.3476,2070.7915,7.0,7.0
9,39,52.984500000000025,0,2070.7915,2123.776,7.0,7.0
9,40,52.701100000000224,2,2123.776,2176.4771,7.0,7.0
9,41,52.91660000000002,0,2176.4771,2229.3937,7.0,7.0
9,42,52.216599999999744,2,2229.3937,2281.6103,7.0,7.0
9,43,53.95159999999987,2,2281.6103,2335.5618999999997,7.0,7.0
9,44,52.87270000000035,2,2335.5618999999997,2388.4346,7.0,7.0
9,45,52.93359999999984,2,2388.4346,2441.3682,7.0,7.0
9,46,53.284200000000055,2,2441.3682,2494.6524,7.0,7.0
9,47,52.94880000000012,3,2494.6524,2547.6012,7.0,7.0
9,48,54.04549999999972,3,2547.6012,2601.6467,7.0,7.0
9,49,55.33210000000008,3,2601.6467,2656.9788,7.0,7.0
9,50,54.93640000000005,3,2656.9788,2711.9152,7.0,7.0
9,51,54.097999999999956,0,2711.9152,2766.0132,7.0,6.0
10,1,63.623999999999995,2,0.0,63.623999999999995,19.0,18.0
10,2,56.0779,2,63.623999999999995,119.7019,18.0,18.0
10,3,55.788899999999984,2,119.7019,175.49079999999998,18.0,19.0
10,4,54.95260000000002,0,175.49079999999998,230.4434,19.0,19.0
10,5,54.77449999999999,3,230.4434,285.2179,19.0,19.0
10,6,55.73989999999998,2,285.2179,340.95779999999996,19.0,19.0
10,7,55.38290000000001,3,340.95779999999996,396.34069999999997,19.0,19.0
10,8,55.11420000000004,3,396.34069999999997,451.4549,19.0,19.0
10,9,55.46699999999993,2,451.4549,506.92189999999994,19.0,19.0
10,10,59.197400000000016,0,506.92189999999994,566.1193,19.0,19.0
10,11,55.18990000000008,0,566.1193,621.3092,19.0,19.0
10,12,56.010799999999904,0,621.3092,677.3199999999999,19.0,19.0
10,13,55.896600000000035,0,677.3199999999999,733.2166,19.0,19.0
10,14,55.70169999999996,0,733.2166,788.9182999999999,19.0,19.0
10,15,57.2419000000001,0,788.9182999999999,846.1602,19.0,19.0
10,16,66.7165,0,846.1602,912.8767,19.0,19.0
10,17,58.350599999999986,0,912.8767,971.2273,19.0,19.0
10,18,54.27320000000009,2,971.2273,1025.5005,19.0,19.0
10,19,55.72939999999994,3,1025.5005,1081.2299,19.0,19.0
10,20,62.374700000000075,2,1081.2299,1143.6046000000001,19.0,19.0
10,21,65.96789999999987,2,1143.6046000000001,1209.5725,19.0,19.0
10,22,57.43820000000005,0,1209.5725,1267.0107,19.0,19.0
10,23,54.684799999999996,2,1267.0107,1321.6955,19.0,19.0
10,24,55.17630000000008,3,1321.6955,1376.8718000000001,19.0,19.0
10,25,59.10169999999994,2,1376.8718000000001,1435.9735,19.0,19.0
10,26,55.28449999999998,3,1435.9735,1491.258,19.0,19.0
10,27,71.17450000000008,0,1491.258,1562.4325000000001,19.0,19.0
10,28,58.46250000000009,3,1562.4325000000001,1620.8950000000002,19.0,19.0
10,29,62.42699999999991,0,1620.8950000000002,1683.3220000000001,19.0,19.0
10,30,55.509199999999964,0,1683.3220000000001,1738.8312,19.0,19.0
10,31,54.171800000000076,0,1738.8312,1793.0030000000002,19.0,19.0
10,32,55.25239999999985,0,1793.0030000000002,1848.2554,19.0,19.0
10,33,54.64409999999998,2,1848.2554,1902.8995,19.0,19.0
10,34,55.58960000000002,0,1902.8995,1958.4891,19.0,19.0
10,35,55.22550000000001,2,1958.4891,2013.7146,19.0,19.0
10,36,59.52579999999966,0,2013.7146,2073.2403999999997,19.0,19.0
10,37,56.10770000000002,0,2073.2403999999997,2129.3480999999997,19.0,19.0
10,38,54.45620000000008,0,2129.3480999999997,2183.8043,19.0,19.0
10,39,55.109500000000025,2,2183.8043,2238.9138,19.0,19.0
10,40,60.57490000000007,0,2238.9138,2299.4887,19.0,19.0
10,41,54.89960000000019,2,2299.4887,2354.3883,19.0,19.0
10,42,55.79179999999997,2,2354.3883,2410.1801,19.0,19.0
10,43,56.20569999999998,2,2410.1801,2466.3858,19.0,19.0
10,44,55.76800000000003,2,2466.3858,2522.1538,19.0,19.0
10,45,55.60999999999967,2,2522.1538,2577.7637999999997,19.0,19.0
10,46,56.990999999999985,0,2577.7637999999997,2634.7547999999997,19.0,19.0
10,47,56.05020000000013,2,2634.7547999999997,2690.805,19.0,19.0
10,48,66.63850000000002,0,2690.805,2757.4435,19.0,19.0
11,1,61.4637,2,0.0,61.4637,15.0,14.0
11,2,54.188599999999994,3,61.4637,115.6523,14.0,14.0
11,3,53.82909999999998,3,115.6523,169.48139999999998,14.0,14.0
11,4,54.432800000000015,3,169.48139999999998,223.9142,14.0,15.0
11,5,55.92399999999998,3,223.9142,279.8382,15.0,17.0
11,6,54.04079999999999,2,279.8382,333.87899999999996,17.0,15.0
11,7,53.64710000000002,3,333.87899999999996,387.5261,15.0,15.0
11,8,61.61919999999998,0,387.5261,449.14529999999996,15.0,17.0
11,9,53.30200000000002,0,449.14529999999996,502.4473,17.0,17.0
11,10,53.821600000000046,0,502.4473,556.2689,17.0,17.0
11,11,53.571199999999976,0,556.2689,609.8401,17.0,17.0
11,12,53.045999999999935,2,609.8401,662.8860999999999,17.0,17.0
11,13,53.600400000000036,3,662.8860999999999,716.4865,17.0,17.0
11,14,54.273199999999974,3,716.4865,770.7597,17.0,16.0
11,15,54.36040000000003,3,770.7597,825.1201,16.0,16.0
11,16,55.59680000000003,3,825.1201,880.7169,16.0,15.0
11,17,55.995900000000006,2,880.7169,936.7128,15.0,15.0
11,18,54.41809999999998,0,936.7128,991.1309,15.0,14.0
11,19,54.42100000000016,2,991.1309,1045.5519000000002,14.0,14.0
11,20,60.44439999999986,0,1045.5519000000002,1105.9963,14.0,14.0
11,21,61.43360000000007,0,1105.9963,1167.4299,14.0,17.0
11,22,53.90650000000005,0,1167.4299,1221.3364000000001,17.0,16.0
11,23,52.92730000000006,3,1221.3364000000001,1274.2637000000002,16.0,16.0
11,24,53.602300000000014,0,1274.2637000000002,1327.8660000000002,16.0,14.0
11,25,53.3741,3,1327.8660000000002,1381.2401000000002,14.0,14.0
11,26,53.459899999999834,3,1381.2401000000002,1434.7,14.0,14.0
11,27,60.19730000000004,3,1434.7,1494.8973,14.0,17.0
11,28,53.06060000000002,3,1494.8973,1547.9579,17.0,16.0
11,29,53.872699999999895,0,1547.9579,1601.8306,16.0,14.0
11,30,54.21680000000015,1,1601.8306,1656.0474000000002,14.0,13.0
11,31,59.80489999999986,2,1656.0474000000002,1715.8523,13.0,16.0
11,32,61.649200000000064,2,1715.8523,1777.5015,16.0,16.0
11,33,53.06960000000004,2,1777.5015,1830.5711000000001,16.0,16.0
11,34,54.206699999999955,0,1830.5711000000001,1884.7778,16.0,16.0
11,35,53.39390000000003,0,1884.7778,1938.1717,16.0,16.0
11,36,54.02240000000006,0,1938.1717,1992.1941000000002,16.0,16.0
11,37,53.66139999999973,0,1992.1941000000002,2045.8555,16.0,16.0
11,38,53.636000000000195,0,2045.8555,2099.4915,16.0,16.0
11,39,53.78639999999996,0,2099.4915,2153.2779,16.0,15.0
11,40,54.44639999999981,0,2153.2779,2207.7243,15.0,15.0
11,41,53.951300000000174,2,2207.7243,2261.6756,15.0,14.0
11,42,54.030199999999695,2,2261.6756,2315.7057999999997,14.0,14.0
11,43,53.22900000000027,2,2315.7057999999997,2368.9348,14.0,14.0
11,44,53.22449999999981,2,2368.9348,2422.1593,14.0,14.0
11,45,53.019700000000284,3,2422.1593,2475.179,14.0,14.0
11,46,53.72849999999971,3,2475.179,2528.9075,14.0,13.0
11,47,54.164600000000064,3,2528.9075,2583.0721,13.0,13.0
11,48,54.4998999999998,3,2583.0721,2637.5719999999997,13.0,12.0
11,49,55.552000000000135,3,2637.5719999999997,2693.124,12.0,13.0
11,50,55.42270000000008,0,2693.124,2748.5467,13.0,13.0
12,1,69.9946,0,0.0,69.9946,20.0,20.0
12,2,58.71069999999999,0,69.9946,128.7053,20.0,20.0
12,3,59.367999999999995,0,128.7053,188.0733,20.0,20.0
12,4,54.766999999999996,0,188.0733,242.84029999999998,20.0,20.0
12,5,67.1104,0,242.84029999999998,309.9507,20.0,20.0
12,6,55.323500000000024,0,309.9507,365.2742,20.0,20.0
12,7,54.50309999999996,0,365.2742,419.77729999999997,20.0,20.0
12,8,55.1773,0,419.77729999999997,474.95459999999997,20.0,20.0
12,9,54.08779999999996,0,474.95459999999997,529.0423999999999,20.0,20.0
12,10,54.66050000000007,0,529.0423999999999,583.7029,20.0,20.0
12,11,55.55150000000003,0,583.7029,639.2544,20.0,20.0
12,12,54.892999999999915,3,639.2544,694.1474,20.0,20.0
12,13,57.19450000000006,3,694.1474,751.3419,20.0,20.0
12,14,54.634000000000015,3,751.3419,805.9759,20.0,20.0
12,15,64.98809999999992,3,805.9759,870.9639999999999,20.0,20.0
12,16,59.335500000000025,3,870.9639999999999,930.2995,20.0,20.0
12,17,68.76610000000005,3,930.2995,999.0656,20.0,20.0
12,18,59.26170000000013,3,999.0656,1058.3273000000002,20.0,20.0
12,19,61.203199999999924,0,1058.3273000000002,1119.5305,20.0,20.0
12,20,55.22240000000011,0,1119.5305,1174.7529000000002,20.0,20.0
12,21,54.90289999999982,0,1174.7529000000002,1229.6558,20.0,20.0
12,22,54.487300000000005,0,1229.6558,1284.1431,20.0,20.0
12,23,60.18160000000012,0,1284.1431,1344.3247000000001,20.0,20.0
12,24,54.55410000000006,3,1344.3247000000001,1398.8788000000002,20.0,20.0
12,25,55.941699999999855,3,1398.8788000000002,1454.8205,20.0,20.0
12,26,55.33550000000014,3,1454.8205,1510.1560000000002,20.0,20.0
12,27,73.16379999999981,2,1510.1560000000002,1583.3198,20.0,20.0
12,28,59.71990000000005,2,1583.3198,1643.0397,20.0,20.0
12,29,60.188499999999976,2,1643.0397,1703.2282,20.0,20.0
12,30,61.433899999999994,0,1703.2282,1764.6621,20.0,20.0
12,31,54.765300000000025,3,1764.6621,1819.4274,20.0,20.0
12,32,59.17800000000011,0,1819.4274,1878.6054000000001,20.0,20.0
12,33,53.74530000000004,0,1878.6054000000001,1932.3507000000002,20.0,20.0
12,34,54.3784999999998,0,1932.3507000000002,1986.7292,20.0,20.0
12,35,64.12859999999978,2,1986.7292,2050.8577999999998,20.0,20.0
12,36,59.0939000000003,3,2050.8577999999998,2109.9517,20.0,20.0
12,37,59.95249999999987,2,2109.9517,2169.9042,20.0,20.0
12,38,55.73140000000012,2,2169.9042,2225.6356,20.0,20.0
12,39,54.26359999999977,2,2225.6356,2279.8992,20.0,20.0
12,40,55.98480000000018,3,2279.8992,2335.884,20.0,20.0
12,41,57.37189999999964,2,2335.884,2393.2558999999997,20.0,20.0
12,42,61.11020000000008,2,2393.2558999999997,2454.3660999999997,20.0,20.0
12,43,54.61650000000009,2,2454.3660999999997,2508.9826,20.0,20.0
12,44,68.39080000000013,3,2508.9826,2577.3734,20.0,20.0
12,45,63.57099999999991,0,2577.3734,2640.9444,20.0,20.0
12,46,56.15219999999999,3,2640.9444,2697.0966,20.0,20.0
12,47,58.26090000000022,0,2697.0966,2755.3575,20.0,20.0
13,1,61.8064,3,0.0,61.8064,16.0,16.0
13,2,54.802800000000005,3,61.8064,116.6092,16.0,16.0
13,3,53.24749999999999,3,116.6092,169.8567,16.0,16.0
13,4,54.18289999999999,3,169.8567,224.03959999999998,16.0,16.0
13,5,54.7954,3,224.03959999999998,278.835,16.0,15.0
13,6,58.77260000000001,0,278.835,337.6076,15.0,17.0
13,7,53.5924,0,337.6076,391.2,17.0,17.0
13,8,54.53969999999998,0,391.2,445.73969999999997,17.0,16.0
13,9,54.16680000000002,0,445.73969999999997,499.9065,16.0,16.0
13,10,54.01920000000001,0,499.9065,553.9257,16.0,16.0
13,11,53.116300000000024,2,553.9257,607.042,16.0,16.0
13,12,53.93539999999996,3,607.042,660.9774,16.0,16.0
13,13,55.002899999999954,3,660.9774,715.9802999999999,16.0,16.0
13,14,54.926199999999994,3,715.9802999999999,770.9064999999999,16.0,17.0
13,15,54.83840000000009,3,770.9064999999999,825.7449,17.0,17.0
13,16,55.07560000000001,3,825.7449,880.8205,17.0,16.0
13,17,55.39249999999993,2,880.8205,936.213,16.0,14.0
13,18,63.668499999999995,3,936.213,999.8815,14.0,16.0
13,19,57.796800000000076,0,999.8815,1057.6783,16.0,17.0
13,20,53.18080000000009,0,1057.6783,1110.8591000000001,17.0,17.0
13,21,53.33480000000009,0,1110.8591000000001,1164.1939000000002,17.0,15.0
13,22,53.31839999999988,3,1164.1939000000002,1217.5123,15.0,15.0
13,23,54.07089999999994,2,1217.5123,1271.5832,15.0,13.0
13,24,53.480800000000045,2,1271.5832,1325.064,13.0,13.0
13,25,53.36670000000004,2,1325.064,1378.4307000000001,13.0,13.0
13,26,53.8741,2,1378.4307000000001,1432.3048000000001,13.0,13.0
13,27,52.98610000000008,3,1432.3048000000001,1485.2909000000002,13.0,13.0
13,28,54.07809999999995,2,1485.2909000000002,1539.3690000000001,13.0,13.0
13,29,60.03240000000005,0,1539.3690000000001,1599.4014000000002,13.0,13.0
13,30,62.113099999999804,0,1599.4014000000002,1661.5145,13.0,16.0
13,31,53.90480000000002,0,1661.5145,1715.4193,16.0,15.0
13,32,53.02070000000003,2,1715.4193,1768.44,15.0,15.0
13,33,52.98500000000013,3,1768.44,1821.4250000000002,15.0,15.0
13,34,54.71889999999985,2,1821.4250000000002,1876.1439,15.0,15.0
13,35,53.29970000000003,3,1876.1439,1929.4436,15.0,15.0
13,36,53.87200000000007,2,1929.4436,1983.3156000000001,15.0,15.0
13,37,53.63099999999986,2,1983.3156000000001,2036.9466,15.0,15.0
13,38,59.938699999999926,3,2036.9466,2096.8853,15.0,15.0
13,39,78.64859999999999,2,2096.8853,2175.5339,15.0,17.0
13,40,57.73199999999997,0,2175.5339,2233.2659,17.0,17.0
13,41,54.259199999999964,0,2233.2659,2287.5251,17.0,17.0
13,42,64.5023000000001,0,2287.5251,2352.0274,17.0,18.0
13,43,58.04950000000008,0,2352.0274,2410.0769,18.0,18.0
13,44,54.07619999999997,0,2410.0769,2464.1531,18.0,18.0
13,45,55.05649999999969,2,2464.1531,2519.2095999999997,18.0,18.0
13,46,55.17260000000033,2,2519.2095999999997,2574.3822,18.0,18.0
13,47,54.85829999999987,0,2574.3822,2629.2405,18.0,18.0
13,48,55.386799999999766,0,2629.2405,2684.6272999999997,18.0,18.0
13,49,62.41000000000031,0,2684.6272999999997,2747.0373,18.0,18.0
14,1,60.7461,3,0.0,60.7461,12.0,12.0
14,2,53.73610000000001,3,60.7461,114.4822,12.0,12.0
14,3,53.804299999999984,3,114.4822,168.2865,12.0,11.0
14,4,53.93629999999999,3,168.2865,222.22279999999998,11.0,11.0
14,5,55.31559999999999,2,222.22279999999998,277.53839999999997,11.0,11.0
14,6,53.963400000000036,2,277.53839999999997,331.5018,11.0,11.0
14,7,54.85069999999996,3,331.5018,386.35249999999996,11.0,12.0
14,8,54.67840000000001,2,386.35249999999996,441.0309,12.0,12.0
14,9,53.848900000000015,3,441.0309,494.8798,12.0,12.0
14,10,54.184500000000014,0,494.8798,549.0643,12.0,10.0
14,11,52.85910000000001,0,549.0643,601.9234,10.0,10.0
14,12,53.05179999999996,0,601.9234,654.9752,10.0,10.0
14,13,53.46029999999996,2,654.9752,708.4354999999999,10.0,10.0
14,14,53.34490000000005,2,708.4354999999999,761.7804,10.0,10.0
14,15,54.06209999999999,2,761.7804,815.8425,10.0,8.0
14,16,54.05579999999998,3,815.8425,869.8983,8.0,5.0
14,17,54.442600000000084,3,869.8983,924.3409,5.0,6.0
14,18,63.85039999999992,2,924.3409,988.1913,6.0,11.0
14,19,57.25930000000017,2,988.1913,1045.4506000000001,11.0,13.0
14,20,52.80899999999997,0,1045.4506000000001,1098.2596,13.0,11.0
14,21,53.38069999999993,3,1098.2596,1151.6403,11.0,9.0
14,22,54.33770000000004,0,1151.6403,1205.978,9.0,8.0
14,23,52.57420000000002,0,1205.978,1258.5522,8.0,8.0
14,24,52.904199999999946,0,1258.5522,1311.4564,8.0,8.0
14,25,52.77760000000012,0,1311.4564,1364.2340000000002,8.0,8.0
14,26,53.87940000000003,0,1364.2340000000002,1418.1134000000002,8.0,8.0
14,27,52.91159999999991,0,1418.1134000000002,1471.025,8.0,8.0
14,28,53.53289999999993,0,1471.025,1524.5579,8.0,8.0
14,29,62.324800000000096,0,1524.5579,1586.8827,8.0,8.0
14,30,57.2346,0,1586.8827,1644.1173000000001,8.0,10.0
14,31,53.65429999999992,0,1644.1173000000001,1697.7716,10.0,10.0
14,32,53.27650000000017,0,1697.7716,1751.0481000000002,10.0,10.0
14,33,53.23109999999997,0,1751.0481000000002,1804.2792000000002,10.0,9.0
14,34,53.07679999999982,0,1804.2792000000002,1857.356,9.0,9.0
14,35,53.46070000000009,0,1857.356,1910.8167,9.0,8.0
14,36,53.32960000000003,2,1910.8167,1964.1463,8.0,8.0
14,37,53.628400000000056,2,1964.1463,2017.7747000000002,8.0,8.0
14,38,53.99039999999991,0,2017.7747000000002,2071.7651,8.0,8.0
14,39,53.37819999999965,0,2071.7651,2125.1432999999997,8.0,8.0
14,40,52.90800000000036,0,2125.1432999999997,2178.0513,8.0,8.0
14,41,53.666299999999865,0,2178.0513,2231.7176,8.0,8.0
14,42,53.29250000000002,0,2231.7176,2285.0101,8.0,8.0
14,43,53.37779999999975,3,2285.0101,2338.3878999999997,8.0,8.0
14,44,54.789200000000164,0,2338.3878999999997,2393.1771,8.0,8.0
14,45,53.99220000000014,0,2393.1771,2447.1693,8.0,8.0
14,46,53.66899999999987,0,2447.1693,2500.8383,8.0,8.0
14,47,53.510699999999815,0,2500.8383,2554.3489999999997,8.0,8.0
14,48,53.59700000000021,0,2554.3489999999997,2607.946,8.0,8.0
14,49,53.37390000000005,0,2607.946,2661.3199,8.0,8.0
14,50,54.072299999999814,0,2661.3199,2715.3922,8.0,8.0
14,51,53.8711000000003,0,2715.3922,2769.2633,8.0,8.0
15,1,61.376099999999994,2,0.0,61.376099999999994,13.0,13.0
15,2,53.8053,2,61.376099999999994,115.1814,13.0,13.0
15,3,53.74519999999998,3,115.1814,168.92659999999998,13.0,13.0
15,4,54.51090000000002,3,168.92659999999998,223.4375,13.0,13.0
15,5,54.64839999999998,3,223.4375,278.0859,13.0,13.0
15,6,53.89100000000002,2,278.0859,331.9769,13.0,12.0
15,7,54.21339999999998,1,331.9769,386.1903,12.0,11.0
15,8,54.235299999999995,0,386.1903,440.4256,11.0,11.0
15,9,54.148900000000026,3,440.4256,494.5745,11.0,11.0
15,10,55.04059999999998,2,494.5745,549.6151,11.0,11.0
15,11,53.44119999999998,0,549.6151,603.0563,11.0,11.0
15,12,53.04340000000002,0,603.0563,656.0997,11.0,11.0
15,13,53.802599999999984,0,656.0997,709.9023,11.0,11.0
15,14,53.64319999999998,0,709.9023,763.5455,11.0,11.0
15,15,53.53780000000006,2,763.5455,817.0833,11.0,9.0
15,16,54.49630000000002,3,817.0833,871.5796,9.0,8.0
15,17,54.39229999999998,2,871.5796,925.9719,8.0,8.0
15,18,55.20169999999996,0,925.9719,981.1736,8.0,7.0
15,19,53.79890000000012,3,981.1736,1034.9725,7.0,7.0
15,20,55.447200000000066,3,1034.9725,1090.4197000000001,7.0,6.0
15,21,63.55729999999994,0,1090.4197000000001,1153.977,6.0,10.0
15,22,57.66390000000001,3,1153.977,1211.6409,10.0,11.0
15,23,61.974699999999984,3,1211.6409,1273.6156,11.0,15.0
15,24,54.64370000000008,3,1273.6156,1328.2593000000002,15.0,16.0
15,25,53.7666999999999,2,1328.2593000000002,1382.026,16.0,15.0
15,26,53.52729999999997,2,1382.026,1435.5533,15.0,15.0
15,27,53.35350000000017,0,1435.5533,1488.9068000000002,15.0,14.0
15,28,53.03710000000001,2,1488.9068000000002,1541.9439000000002,14.0,14.0
15,29,61.324499999999944,2,1541.9439000000002,1603.2684000000002,14.0,16.0
15,30,53.223199999999906,3,1603.2684000000002,1656.4916,16.0,15.0
15,31,55.62869999999998,3,1656.4916,1712.1203,15.0,14.0
15,32,53.70170000000007,2,1712.1203,1765.8220000000001,14.0,13.0
15,33,54.25479999999993,2,1765.8220000000001,1820.0768,13.0,13.0
15,34,54.22260000000006,0,1820.0768,1874.2994,13.0,13.0
15,35,54.21239999999989,0,1874.2994,1928.5118,13.0,13.0
15,36,53.559799999999996,0,1928.5118,1982.0716,13.0,13.0
15,37,53.50070000000005,2,1982.0716,2035.5723,13.0,13.0
15,38,59.36199999999985,0,2035.5723,2094.9343,13.0,14.0
15,39,54.50019999999995,0,2094.9343,2149.4345,14.0,14.0
15,40,54.970800000000054,0,2149.4345,2204.4053,14.0,14.0
15,41,63.26909999999998,0,2204.4053,2267.6744,14.0,15.0
15,42,56.99380000000019,0,2267.6744,2324.6682,15.0,15.0
15,43,53.20839999999998,3,2324.6682,2377.8766,15.0,15.0
15,44,61.08069999999998,2,2377.8766,2438.9573,15.0,16.0
15,45,59.12429999999995,0,2438.9573,2498.0816,16.0,16.0
15,46,54.3110999999999,0,2498.0816,2552.3927,16.0,16.0
15,47,53.38940000000002,0,2552.3927,2605.7821,16.0,16.0
15,48,53.29950000000008,0,2605.7821,2659.0816,16.0,16.0
15,49,62.035499999999956,2,2659.0816,2721.1171,16.0,16.0
15,50,54.76330000000007,0,2721.1171,2775.8804,16.0,16.0
16,1,61.557100000000005,3,0.0,61.557100000000005,14.0,15.0
16,2,54.55489999999999,3,61.557100000000005,116.112,15.0,15.0
16,3,53.52759999999998,3,116.112,169.63959999999997,15.0,15.0
16,4,54.05160000000001,3,169.63959999999997,223.69119999999998,15.0,14.0
16,5,55.028700000000015,3,223.69119999999998,278.7199,14.0,14.0
16,6,54.1773,2,278.7199,332.8972,14.0,13.0
16,7,53.89330000000001,3,332.8972,386.7905,13.0,13.0
16,8,54.77939999999995,2,386.7905,441.56989999999996,13.0,13.0
16,9,53.69480000000004,3,441.56989999999996,495.2647,13.0,13.0
16,10,56.126799999999946,3,495.2647,551.3915,13.0,15.0
16,11,54.622100000000046,3,551.3915,606.0136,15.0,15.0
16,12,54.426900000000046,3,606.0136,660.4405,15.0,15.0
16,13,54.77819999999997,3,660.4405,715.2187,15.0,15.0
16,14,54.170799999999986,3,715.2187,769.3895,15.0,15.0
16,15,55.43420000000003,3,769.3895,824.8237,15.0,14.0
16,16,63.63040000000001,2,824.8237,888.4541,14.0,17.0
16,17,57.31669999999997,3,888.4541,945.7708,17.0,17.0
16,18,53.969299999999976,3,945.7708,999.7401,17.0,15.0
16,19,53.8293000000001,3,999.7401,1053.5694,15.0,16.0
16,20,53.38169999999991,3,1053.5694,1106.9511,16.0,16.0
16,21,53.87270000000012,0,1106.9511,1160.8238000000001,16.0,14.0
16,22,54.00479999999993,3,1160.8238000000001,1214.8286,14.0,12.0
16,23,55.68489999999997,2,1214.8286,1270.5135,12.0,11.0
16,24,53.14070000000015,2,1270.5135,1323.6542000000002,11.0,11.0
16,25,53.41529999999989,3,1323.6542000000002,1377.0695,11.0,11.0
16,26,54.174400000000105,0,1377.0695,1431.2439000000002,11.0,11.0
16,27,53.08339999999998,0,1431.2439000000002,1484.3273000000002,11.0,11.0
16,28,53.09619999999995,0,1484.3273000000002,1537.4235,11.0,11.0
16,29,53.72070000000008,2,1537.4235,1591.1442000000002,11.0,11.0
16,30,53.63079999999991,0,1591.1442000000002,1644.775,11.0,11.0
16,31,58.06189999999992,0,1644.775,1702.8369,11.0,12.0
16,32,54.08699999999999,0,1702.8369,1756.9239,12.0,12.0
16,33,54.10050000000001,0,1756.9239,1811.0244,12.0,11.0
16,34,54.402000000000044,0,1811.0244,1865.4264,11.0,11.0
16,35,54.28449999999998,3,1865.4264,1919.7109,11.0,11.0
16,36,54.1893,3,1919.7109,1973.9002,11.0,11.0
16,37,53.49839999999995,0,1973.9002,2027.3986,11.0,11.0
16,38,53.44219999999996,0,2027.3986,2080.8408,11.0,11.0
16,39,53.86419999999998,1,2080.8408,2134.705,11.0,10.0
16,40,54.07439999999997,0,2134.705,2188.7794,10.0,9.0
16,41,62.63200000000006,3,2188.7794,2251.4114,9.0,11.0
16,42,63.145300000000134,0,2251.4114,2314.5567,11.0,13.0
16,43,53.36249999999973,0,2314.5567,2367.9192,13.0,13.0
16,44,53.13999999999987,0,2367.9192,2421.0591999999997,13.0,13.0
16,45,53.14960000000019,3,2421.0591999999997,2474.2088,13.0,13.0
16,46,54.63889999999992,1,2474.2088,2528.8477,13.0,12.0
16,47,54.17360000000008,3,2528.8477,2583.0213,12.0,12.0
16,48,54.73909999999978,3,2583.0213,2637.7603999999997,12.0,13.0
16,49,54.88570000000027,3,2637.7603999999997,2692.6461,13.0,12.0
16,50,55.253799999999956,0,2692.6461,2747.8999,12.0,12.0
17,1,62.4623,3,0.0,62.4623,17.0,17.0
17,2,54.67620000000001,2,62.4623,117.13850000000001,17.0,17.0
17,3,54.42009999999998,0,117.13850000000001,171.55859999999998,17.0,17.0
17,4,53.760700000000014,3,171.55859999999998,225.3193,17.0,17.0
17,5,53.7722,3,225.3193,279.0915,17.0,16.0
17,6,54.864499999999964,2,279.0915,333.95599999999996,16.0,16.0
17,7,54.1995,3,333.95599999999996,388.15549999999996,16.0,16.0
17,8,54.414300000000026,2,388.15549999999996,442.5698,16.0,15.0
17,9,53.693100000000015,3,442.5698,496.2629,15.0,15.0
17,10,54.744599999999934,3,496.2629,551.0074999999999,15.0,14.0
17,11,54.2192,0,551.0074999999999,605.2266999999999,14.0,13.0
17,12,53.9239,0,605.2266999999999,659.1505999999999,13.0,13.0
17,13,53.6323000000001,2,659.1505999999999,712.7829,13.0,13.0
17,14,54.03919999999994,0,712.7829,766.8221,13.0,12.0
17,15,54.74829999999997,3,766.8221,821.5704,12.0,12.0
17,16,54.62049999999999,3,821.5704,876.1908999999999,12.0,10.0
17,17,54.75380000000007,3,876.1908999999999,930.9447,10.0,10.0
17,18,55.06389999999999,2,930.9447,986.0086,10.0,10.0
17,19,54.78010000000006,0,986.0086,1040.7887,10.0,10.0
17,20,54.81750000000011,0,1040.7887,1095.6062000000002,10.0,9.0
17,21,55.18769999999995,3,1095.6062000000002,1150.7939000000001,9.0,8.0
17,22,55.83369999999991,3,1150.7939000000001,1206.6276,8.0,9.0
17,23,66.48430000000008,3,1206.6276,1273.1119,9.0,14.0
17,24,55.14249999999993,3,1273.1119,1328.2544,14.0,15.0
17,25,54.96090000000004,3,1328.2544,1383.2153,15.0,16.0
17,26,55.80490000000009,3,1383.2153,1439.0202000000002,16.0,17.0
17,27,55.76469999999995,2,1439.0202000000002,1494.7849,17.0,16.0
17,28,55.365600000000086,2,1494.7849,1550.1505000000002,16.0,17.0
17,29,65.41909999999984,0,1550.1505000000002,1615.5696,17.0,17.0
17,30,57.18730000000005,0,1615.5696,1672.7569,17.0,17.0
17,31,53.512899999999945,0,1672.7569,1726.2698,17.0,17.0
17,32,53.70460000000003,2,1726.2698,1779.9744,17.0,17.0
17,33,59.4996000000001,3,1779.9744,1839.4740000000002,17.0,17.0
17,34,55.26299999999992,3,1839.4740000000002,1894.737,17.0,17.0
17,35,54.368799999999965,0,1894.737,1949.1058,17.0,17.0
17,36,53.516200000000026,0,1949.1058,2002.622,17.0,17.0
17,37,53.43029999999976,2,2002.622,2056.0523,17.0,17.0
17,38,55.209299999999985,0,2056.0523,2111.2616,17.0,17.0
17,39,53.45040000000017,0,2111.2616,2164.712,17.0,16.0
17,40,53.91489999999976,0,2164.712,2218.6268999999998,16.0,16.0
17,41,53.41620000000012,2,2218.6268999999998,2272.0431,16.0,16.0
17,42,53.6869999999999,0,2272.0431,2325.7300999999998,16.0,16.0
17,43,54.066100000000006,2,2325.7300999999998,2379.7961999999998,16.0,16.0
17,44,54.55000000000018,2,2379.7961999999998,2434.3462,16.0,15.0
17,45,54.74459999999999,2,2434.3462,2489.0908,15.0,15.0
17,46,56.05809999999974,2,2489.0908,2545.1488999999997,15.0,15.0
17,47,54.98040000000037,0,2545.1488999999997,2600.1293,15.0,15.0
17,48,55.04029999999966,0,2600.1293,2655.1695999999997,15.0,15.0
17,49,55.127300000000105,2,2655.1695999999997,2710.2969,15.0,15.0
17,50,56.42509999999993,0,2710.2969,2766.7219999999998,15.0,15.0
18,1,60.4153,3,0.0,60.4153,11.0,11.0
18,2,53.7488,3,60.4153,114.1641,11.0,11.0
18,3,54.42929999999997,3,114.1641,168.59339999999997,11.0,12.0
18,4,54.30800000000002,3,168.59339999999997,222.9014,12.0,12.0
18,5,55.001900000000006,3,222.9014,277.9033,12.0,12.0
18,6,55.2645,3,277.9033,333.1678,12.0,14.0
18,7,53.803999999999974,3,333.1678,386.9718,14.0,14.0
18,8,54.971299999999985,3,386.9718,441.94309999999996,14.0,14.0
18,9,54.14240000000001,3,441.94309999999996,496.08549999999997,14.0,14.0
18,10,54.824900000000014,3,496.08549999999997,550.9104,14.0,13.0
18,11,54.63739999999996,3,550.9104,605.5477999999999,13.0,14.0
18,12,54.76610000000005,0,605.5477999999999,660.3139,14.0,14.0
18,13,54.09730000000002,1,660.3139,714.4112,14.0,14.0
18,14,54.64689999999996,3,714.4112,769.0581,14.0,14.0
18,15,55.837999999999965,3,769.0581,824.8960999999999,14.0,15.0
18,16,54.992200000000025,0,824.8960999999999,879.8883,15.0,12.0
18,17,54.525800000000004,3,879.8883,934.4141,12.0,12.0
18,18,55.21600000000001,0,934.4141,989.6301,12.0,13.0
18,19,54.8823000000001,2,989.6301,1044.5124,13.0,12.0
18,20,55.368400000000065,2,1044.5124,1099.8808000000001,12.0,12.0
18,21,65.82580000000007,2,1099.8808000000001,1165.7066000000002,12.0,16.0
18,22,56.80099999999993,0,1165.7066000000002,1222.5076000000001,16.0,17.0
18,23,54.01340000000005,0,1222.5076000000001,1276.5210000000002,17.0,17.0
18,24,53.72029999999995,2,1276.5210000000002,1330.2413000000001,17.0,17.0
18,25,53.54939999999988,3,1330.2413000000001,1383.7907,17.0,17.0
18,26,54.793100000000095,0,1383.7907,1438.5838,17.0,16.0
18,27,53.7328,3,1438.5838,1492.3166,16.0,15.0
18,28,54.69399999999996,3,1492.3166,1547.0106,15.0,15.0
18,29,55.34850000000006,2,1547.0106,1602.3591000000001,15.0,15.0
18,30,53.90159999999992,3,1602.3591000000001,1656.2607,15.0,14.0
18,31,55.753799999999956,3,1656.2607,1712.0145,14.0,13.0
18,32,54.51800000000003,2,1712.0145,1766.5325,13.0,14.0
18,33,53.97970000000009,3,1766.5325,1820.5122000000001,14.0,14.0
18,34,54.62930000000006,2,1820.5122000000001,1875.1415000000002,14.0,14.0
18,35,53.86329999999998,3,1875.1415000000002,1929.0048000000002,14.0,14.0
18,36,53.74189999999999,2,1929.0048000000002,1982.7467000000001,14.0,14.0
18,37,53.422399999999925,2,1982.7467000000001,2036.1691,14.0,14.0
18,38,53.623099999999795,0,2036.1691,2089.7922,14.0,13.0
18,39,54.86670000000004,0,2089.7922,2144.6589,13.0,13.0
18,40,54.29500000000007,3,2144.6589,2198.9539,13.0,13.0
18,41,54.960000000000036,1,2198.9539,2253.9139,13.0,13.0
18,42,55.16409999999996,0,2253.9139,2309.078,13.0,12.0
18,43,54.69309999999996,0,2309.078,2363.7711,12.0,12.0
18,44,54.7482,0,2363.7711,2418.5193,12.0,12.0
18,45,54.565399999999954,3,2418.5193,2473.0847,12.0,12.0
18,46,56.346700000000055,3,2473.0847,2529.4314,12.0,14.0
18,47,55.45739999999978,3,2529.4314,2584.8887999999997,14.0,14.0
18,48,56.11799999999994,2,2584.8887999999997,2641.0067999999997,14.0,14.0
18,49,56.103200000000015,3,2641.0067999999997,2697.1099999999997,14.0,14.0
18,50,57.43119999999999,0,2697.1099999999997,2754.5411999999997,14.0,14.0
19,1,64.2394,2,0.0,64.2394,18.0,19.0
19,2,55.8784,2,64.2394,120.1178,19.0,19.0
19,3,54.7067,0,120.1178,174.8245,19.0,18.0
19,4,54.34779999999998,0,174.8245,229.17229999999998,18.0,18.0
19,5,54.2535,3,229.17229999999998,283.4258,18.0,18.0
19,6,56.923,0,283.4258,340.3488,18.0,18.0
19,7,55.141099999999994,3,340.3488,395.4899,18.0,18.0
19,8,55.744500000000016,1,395.4899,451.2344,18.0,18.0
19,9,55.218500000000006,0,451.2344,506.4529,18.0,18.0
19,10,54.20010000000002,0,506.4529,560.653,18.0,18.0
19,11,54.59299999999996,0,560.653,615.246,18.0,18.0
19,12,53.78620000000001,0,615.246,669.0322,18.0,18.0
19,13,54.965400000000045,0,669.0322,723.9976,18.0,18.0
19,14,55.40219999999999,0,723.9976,779.3998,18.0,18.0
19,15,55.27089999999998,0,779.3998,834.6707,18.0,18.0
19,16,54.91890000000001,0,834.6707,889.5896,18.0,18.0
19,17,55.349199999999996,3,889.5896,944.9388,18.0,16.0
19,18,56.880199999999945,3,944.9388,1001.819,16.0,18.0
19,19,62.03730000000019,1,1001.819,1063.8563000000001,18.0,18.0
19,20,55.66169999999988,2,1063.8563000000001,1119.518,18.0,18.0
19,21,55.59530000000018,2,1119.518,1175.1133000000002,18.0,18.0
19,22,55.819099999999935,0,1175.1133000000002,1230.9324000000001,18.0,18.0
19,23,54.67439999999988,0,1230.9324000000001,1285.6068,18.0,18.0
19,24,54.72739999999999,0,1285.6068,1340.3342,18.0,18.0
19,25,55.99170000000004,0,1340.3342,1396.3259,18.0,18.0
19,26,55.374900000000025,3,1396.3259,1451.7008,18.0,18.0
19,27,56.37720000000013,3,1451.7008,1508.0780000000002,18.0,18.0
19,28,66.42459999999983,0,1508.0780000000002,1574.5026,18.0,18.0
19,29,58.636799999999994,0,1574.5026,1633.1394,18.0,18.0
19,30,54.462200000000166,0,1633.1394,1687.6016000000002,18.0,18.0
19,31,54.490299999999934,0,1687.6016000000002,1742.0919000000001,18.0,18.0
19,32,53.885099999999966,0,1742.0919000000001,1795.977,18.0,18.0
19,33,53.53520000000003,0,1795.977,1849.5122000000001,18.0,18.0
19,34,55.0157999999999,2,1849.5122000000001,1904.528,18.0,18.0
19,35,56.25040000000013,2,1904.528,1960.7784000000001,18.0,18.0
19,36,54.92989999999986,2,1960.7784000000001,2015.7083,18.0,18.0
19,37,56.5179999999998,2,2015.7083,2072.2263,18.0,18.0
19,38,54.832400000000234,0,2072.2263,2127.0587,18.0,18.0
19,39,54.27430000000004,0,2127.0587,2181.333,18.0,18.0
19,40,54.28710000000001,0,2181.333,2235.6201,18.0,18.0
19,41,54.77789999999959,0,2235.6201,2290.3979999999997,18.0,18.0
19,42,54.733799999999974,0,2290.3979999999997,2345.1317999999997,18.0,17.0
19,43,54.44170000000031,2,2345.1317999999997,2399.5735,17.0,17.0
19,44,56.92470000000003,2,2399.5735,2456.4982,17.0,17.0
19,45,54.8445999999999,0,2456.4982,2511.3428,17.0,17.0
19,46,54.65599999999995,0,2511.3428,2565.9988,17.0,17.0
19,47,55.208700000000135,0,2565.9988,2621.2075,17.0,17.0
19,48,54.984500000000025,0,2621.2075,2676.192,17.0,17.0
19,49,56.40269999999964,0,2676.192,2732.5946999999996,17.0,17.0
19,50,56.19640000000027,0,2732.5946999999996,2788.7911,17.0,17.0
